"Aseua3","Aseua5","Lifespan","RightTarsus","BodyMass","HeadBill","WingLength","dROMsAssay","dROMsAbs505nm","dROMsAbs546nm","dROMsCARRU505nm","dROMsCARRU546nm","natalTQ","dROMs505mMolH2O2","dROMs546mMolH2O2","Froh_imp","OXYabs505nm","OXYabs546nm","OXYmMolHClO505nm","OXYmMolHClO546nm","SexEstimate","FatherAge","MotherAge","ParentLifespan_1","ParentLifespan_0"
0,1,11,23.6,14.1,36.3,66,20,1.121,0.792,85.314,43.686,11174.1,2.048,1.048,0.090467288,0.606,0.667,114.354,114.794,0,1422,1633.07949125596,7.12876712328767,8.48949319589493
0,1,11,23.6,14.2,35.6,64.5,20,1.121,0.792,85.314,43.686,11174.1,2.048,1.048,0.090467288,0.606,0.667,114.354,114.794,0,1422,1633.07949125596,7.12876712328767,8.48949319589493
0,1,11,23.7,15.5,36,65,20,1.121,0.792,85.314,43.686,11174.1,2.048,1.048,0.090467288,0.606,0.667,114.354,114.794,0,1422,1633.07949125596,7.12876712328767,8.48949319589493
0,1,11,23.8,14,36.2,66,20,1.121,0.792,85.314,43.686,11174.1,2.048,1.048,0.090467288,0.606,0.667,114.354,114.794,0,1422,1633.07949125596,7.12876712328767,8.48949319589493
0,1,11,23.6,14.5,36.4,66,20,1.121,0.792,85.314,43.686,11174.1,2.048,1.048,0.090467288,0.606,0.667,114.354,114.794,0,1422,1633.07949125596,7.12876712328767,8.48949319589493
0,1,11,23.7,14.5,35.9,66,20,1.121,0.792,85.314,43.686,11174.1,2.048,1.048,0.090467288,0.606,0.667,114.354,114.794,0,1422,1633.07949125596,7.12876712328767,8.48949319589493
0,1,6,25.6,15.5,36.2,68,17,1.129,0.856,77.442,50.932,14994.67,1.859,1.222,0.152915482,0.246,0.286,156.618,158.629,1,573,1637,3.32876712328767,14.5315068493151
0,1,6,25.4,14.8,36.2,68,17,1.129,0.856,77.442,50.932,14994.67,1.859,1.222,0.152915482,0.246,0.286,156.618,158.629,1,573,1637,3.32876712328767,14.5315068493151
0,1,6,25.2,14.1,36.3,69,17,1.129,0.856,77.442,50.932,14994.67,1.859,1.222,0.152915482,0.246,0.286,156.618,158.629,1,573,1637,3.32876712328767,14.5315068493151
0,1,6,25.3,16.4,36.3,70,17,1.129,0.856,77.442,50.932,14994.67,1.859,1.222,0.152915482,0.246,0.286,156.618,158.629,1,573,1637,3.32876712328767,14.5315068493151
0,1,6,25.375,15.2,36.25,68.75,17,1.129,0.856,77.442,50.932,14994.67,1.859,1.222,0.152915482,0.246,0.286,156.618,158.629,1,573,1637,3.32876712328767,14.5315068493151
1,0,5,27,15.9,36.6,69,8,1.396,1.258,112.331,89.155,47112.16,2.696,2.14,0.071617496,0.275,0.321,216.621,220,1,1420,1633.07949125596,8.17534246575342,8.48949319589493
1,0,5,27,15,36.9,69,8,1.396,1.258,112.331,89.155,47112.16,2.696,2.14,0.071617496,0.275,0.321,216.621,220,1,1420,1633.07949125596,8.17534246575342,8.48949319589493
1,0,5,26.8,15,37,69,8,1.396,1.258,112.331,89.155,47112.16,2.696,2.14,0.071617496,0.275,0.321,216.621,220,1,1420,1633.07949125596,8.17534246575342,8.48949319589493
1,1,5,24.8,14.8,36.6,64,10,1.01,0.835,74.675,52.043,20755.06,1.792,1.249,0.102280597,0.542,0.612,187.5,194.333,0,1097,1633.07949125596,10.0602739726027,8.48949319589493
1,1,5,24.5,14.6,36.7,66,10,1.01,0.835,74.675,52.043,20755.06,1.792,1.249,0.102280597,0.542,0.612,187.5,194.333,0,1097,1633.07949125596,10.0602739726027,8.48949319589493
1,1,5,25.7,15.7,36.6,67,10,1.01,0.835,74.675,52.043,20755.06,1.792,1.249,0.102280597,0.542,0.612,187.5,194.333,0,1097,1633.07949125596,10.0602739726027,8.48949319589493
1,1,5,24.6,14.9,36.9,66,10,1.01,0.835,74.675,52.043,20755.06,1.792,1.249,0.102280597,0.542,0.612,187.5,194.333,0,1097,1633.07949125596,10.0602739726027,8.48949319589493
0,1,8,25.2,15.8,36.3,71,33,1.162,0.721,85.02304,41.82692,12769.57,2.040553,1.003846,0.115126271,0.536,0.591,138.9259,140,1,797,1633.07949125596,2.37808219178082,8.48949319589493
0,1,8,26,15,36.3,70,33,1.162,0.721,85.02304,41.82692,12769.57,2.040553,1.003846,0.115126271,0.536,0.591,138.9259,140,1,797,1633.07949125596,2.37808219178082,8.48949319589493
0,1,8,25.6,15.7,36.5,70,33,1.162,0.721,85.02304,41.82692,12769.57,2.040553,1.003846,0.115126271,0.536,0.591,138.9259,140,1,797,1633.07949125596,2.37808219178082,8.48949319589493
0,1,8,26.1,15.3,36.2,70,33,1.162,0.721,85.02304,41.82692,12769.57,2.040553,1.003846,0.115126271,0.536,0.591,138.9259,140,1,797,1633.07949125596,2.37808219178082,8.48949319589493
0,1,8,25.8,16,36.2,70.5,33,1.162,0.721,85.02304,41.82692,12769.57,2.040553,1.003846,0.115126271,0.536,0.591,138.9259,140,1,797,1633.07949125596,2.37808219178082,8.48949319589493
1,0,5,25.2428571428571,15.5,34.0428571428571,62,9,1.43,1.259,119.424,92.449,13625.74,2.866,2.219,0.226489659,0.695,0.808,129.261,130.223,1,1816.33935585232,1441,9.00320530038499,11.0630136986301
1,0,5,25.1,15.7,37.8,67,9,1.43,1.259,119.424,92.449,13625.74,2.866,2.219,0.226489659,0.695,0.808,129.261,130.223,1,1816.33935585232,1441,9.00320530038499,11.0630136986301
1,0,5,25.6,15.1,37.7,67,9,1.43,1.259,119.424,92.449,13625.74,2.866,2.219,0.226489659,0.695,0.808,129.261,130.223,1,1816.33935585232,1441,9.00320530038499,11.0630136986301
1,0,5,22.4,14,11.3,25,9,1.43,1.259,119.424,92.449,13625.74,2.866,2.219,0.226489659,0.695,0.808,129.261,130.223,1,1816.33935585232,1441,9.00320530038499,11.0630136986301
1,0,5,26,16.2,38,67,9,1.43,1.259,119.424,92.449,13625.74,2.866,2.219,0.226489659,0.695,0.808,129.261,130.223,1,1816.33935585232,1441,9.00320530038499,11.0630136986301
1,0,5,25.7,15.7,37.7,69,9,1.43,1.259,119.424,92.449,13625.74,2.866,2.219,0.226489659,0.695,0.808,129.261,130.223,1,1816.33935585232,1441,9.00320530038499,11.0630136986301
1,0,5,25.9,15.5,37.8,69,9,1.43,1.259,119.424,92.449,13625.74,2.866,2.219,0.226489659,0.695,0.808,129.261,130.223,1,1816.33935585232,1441,9.00320530038499,11.0630136986301
1,0,5,26,16.3,38,70,9,1.43,1.259,119.424,92.449,13625.74,2.866,2.219,0.226489659,0.695,0.808,129.261,130.223,1,1816.33935585232,1441,9.00320530038499,11.0630136986301
0,1,7,24.2,14,36.8,65,11,1.284,1.018,97.743,65.928,9903.15,2.346,1.582,0.111404628,0.56,0.648,177.583,180.016,0,1146,1633.07949125596,5.5041095890411,8.48949319589493
0,1,7,24.7,14.1,37,65,11,1.284,1.018,97.743,65.928,9903.15,2.346,1.582,0.111404628,0.56,0.648,177.583,180.016,0,1146,1633.07949125596,5.5041095890411,8.48949319589493
0,1,7,25,15.3,36.7,65,11,1.284,1.018,97.743,65.928,9903.15,2.346,1.582,0.111404628,0.56,0.648,177.583,180.016,0,1146,1633.07949125596,5.5041095890411,8.48949319589493
0,1,7,24.3,15.6,11.6,40,11,1.284,1.018,97.743,65.928,9903.15,2.346,1.582,0.111404628,0.56,0.648,177.583,180.016,0,1146,1633.07949125596,5.5041095890411,8.48949319589493
0,1,7,24.9,15.1,36,65,11,1.284,1.018,97.743,65.928,9903.15,2.346,1.582,0.111404628,0.56,0.648,177.583,180.016,0,1146,1633.07949125596,5.5041095890411,8.48949319589493
0,1,7,24.2,15.6,35.3,66,11,1.284,1.018,97.743,65.928,9903.15,2.346,1.582,0.111404628,0.56,0.648,177.583,180.016,0,1146,1633.07949125596,5.5041095890411,8.48949319589493
0,1,9,25.4,16.375,31.325,62.125,27,0.948,0.641,72.198,38.986,8382.29,1.733,0.936,0.123631708,0.373,0.412,150.504,151.774,1,360,1633.07949125596,8.09041095890411,8.48949319589493
0,1,9,24.5,15.7,12.1,38,27,0.948,0.641,72.198,38.986,8382.29,1.733,0.936,0.123631708,0.373,0.412,150.504,151.774,1,360,1633.07949125596,8.09041095890411,8.48949319589493
0,1,9,25,16.375,37.1,71,27,0.948,0.641,72.198,38.986,8382.29,1.733,0.936,0.123631708,0.373,0.412,150.504,151.774,1,360,1633.07949125596,8.09041095890411,8.48949319589493
0,1,9,26.1,16.8,38.1,70,27,0.948,0.641,72.198,38.986,8382.29,1.733,0.936,0.123631708,0.373,0.412,150.504,151.774,1,360,1633.07949125596,8.09041095890411,8.48949319589493
0,1,9,26,16.4,38,69.5,27,0.948,0.641,72.198,38.986,8382.29,1.733,0.936,0.123631708,0.373,0.412,150.504,151.774,1,360,1633.07949125596,8.09041095890411,8.48949319589493
0,1,9,25.4,16.6,31.325,62.125,27,0.948,0.641,72.198,38.986,8382.29,1.733,0.936,0.123631708,0.373,0.412,150.504,151.774,1,360,1633.07949125596,8.09041095890411,8.48949319589493
0,1,17,24.4,15.8,36.6,66,25,1.162,1.009,86.07,64.518,7390.63,2.066,1.548,0.12334578,0.442,0.487,143.954,144.73,0,269,1430,5.27671232876712,9.0054794520548
0,1,17,24.5,16.4,10.7,63,25,1.162,1.009,86.07,64.518,7390.63,2.066,1.548,0.12334578,0.442,0.487,143.954,144.73,0,269,1430,5.27671232876712,9.0054794520548
0,1,17,24.4,16.4,36.7,66,25,1.162,1.009,86.07,64.518,7390.63,2.066,1.548,0.12334578,0.442,0.487,143.954,144.73,0,269,1430,5.27671232876712,9.0054794520548
0,1,17,24.7,15.9,36.6,69,25,1.162,1.009,86.07,64.518,7390.63,2.066,1.548,0.12334578,0.442,0.487,143.954,144.73,0,269,1430,5.27671232876712,9.0054794520548
0,1,17,24.4,15,35.9,67,25,1.162,1.009,86.07,64.518,7390.63,2.066,1.548,0.12334578,0.442,0.487,143.954,144.73,0,269,1430,5.27671232876712,9.0054794520548
0,1,17,25.4,16.3,36.1,67,25,1.162,1.009,86.07,64.518,7390.63,2.066,1.548,0.12334578,0.442,0.487,143.954,144.73,0,269,1430,5.27671232876712,9.0054794520548
0,1,17,24.7,16,36.9,67,25,1.162,1.009,86.07,64.518,7390.63,2.066,1.548,0.12334578,0.442,0.487,143.954,144.73,0,269,1430,5.27671232876712,9.0054794520548
0,1,17,23.9,16.8,34.8,68,25,1.162,1.009,86.07,64.518,7390.63,2.066,1.548,0.12334578,0.442,0.487,143.954,144.73,0,269,1430,5.27671232876712,9.0054794520548
0,1,17,24.8,19.1,36.7,66,25,1.162,1.009,86.07,64.518,7390.63,2.066,1.548,0.12334578,0.442,0.487,143.954,144.73,0,269,1430,5.27671232876712,9.0054794520548
0,1,17,24.5,17.3,36.8,66,25,1.162,1.009,86.07,64.518,7390.63,2.066,1.548,0.12334578,0.442,0.487,143.954,144.73,0,269,1430,5.27671232876712,9.0054794520548
0,1,17,24.6,16.9,36.7,67,25,1.162,1.009,86.07,64.518,7390.63,2.066,1.548,0.12334578,0.442,0.487,143.954,144.73,0,269,1430,5.27671232876712,9.0054794520548
0,1,17,24.7,15.5,35.6,66.5,25,1.162,1.009,86.07,64.518,7390.63,2.066,1.548,0.12334578,0.442,0.487,143.954,144.73,0,269,1430,5.27671232876712,9.0054794520548
1,1,4,25.3,17.5,37.4,70,10,1.391,1.17,110.062,80.955,25963.73,2.641,1.943,0.114746867,0.379,0.441,224.545,229.167,1,1524,695,13.7095890410959,8.96986301369863
1,1,4,25.1,18.4,11,46,10,1.391,1.17,110.062,80.955,25963.73,2.641,1.943,0.114746867,0.379,0.441,224.545,229.167,1,1524,695,13.7095890410959,8.96986301369863
1,1,4,25.6,17.2,37.6,71,10,1.391,1.17,110.062,80.955,25963.73,2.641,1.943,0.114746867,0.379,0.441,224.545,229.167,1,1524,695,13.7095890410959,8.96986301369863
1,1,7,25,16.1,11.5,45,10,1.11,0.88,83.963,55.926,9422.55,2.015,1.342,0.117119518,0.668,0.774,158.864,161.333,1,758,1633.07949125596,3.32876712328767,8.48949319589493
1,1,7,25.9,16.2,36.6,70,10,1.11,0.88,83.963,55.926,9422.55,2.015,1.342,0.117119518,0.668,0.774,158.864,161.333,1,758,1633.07949125596,3.32876712328767,8.48949319589493
1,1,7,25.8,16.4,36.7,69,10,1.11,0.88,83.963,55.926,9422.55,2.015,1.342,0.117119518,0.668,0.774,158.864,161.333,1,758,1633.07949125596,3.32876712328767,8.48949319589493
1,1,7,26,15.9,36.5,70,10,1.11,0.88,83.963,55.926,9422.55,2.015,1.342,0.117119518,0.668,0.774,158.864,161.333,1,758,1633.07949125596,3.32876712328767,8.48949319589493
1,1,7,26.4,16,36.6,71,10,1.11,0.88,83.963,55.926,9422.55,2.015,1.342,0.117119518,0.668,0.774,158.864,161.333,1,758,1633.07949125596,3.32876712328767,8.48949319589493
1,1,7,26.2,14.9,36.7,69,10,1.11,0.88,83.963,55.926,9422.55,2.015,1.342,0.117119518,0.668,0.774,158.864,161.333,1,758,1633.07949125596,3.32876712328767,8.48949319589493
0,1,6,25.2,14.9,34.6,69,10,0.998,0.752,73.56,44.879,8893.81,1.765,1.077,0.143443207,0.545,0.618,186.818,193.111,0,1816.33935585232,729,9.00320530038499,2.11232876712329
0,1,6,24.3,14.5,10.8,38,10,0.998,0.752,73.56,44.879,8893.81,1.765,1.077,0.143443207,0.545,0.618,186.818,193.111,0,1816.33935585232,729,9.00320530038499,2.11232876712329
0,1,6,24.6,14.5,36.2,65,10,0.998,0.752,73.56,44.879,8893.81,1.765,1.077,0.143443207,0.545,0.618,186.818,193.111,0,1816.33935585232,729,9.00320530038499,2.11232876712329
0,1,6,24.7,17.7,36.4,67,10,0.998,0.752,73.56,44.879,8893.81,1.765,1.077,0.143443207,0.545,0.618,186.818,193.111,0,1816.33935585232,729,9.00320530038499,2.11232876712329
0,1,6,24.9,14.6,36.2,69,10,0.998,0.752,73.56,44.879,8893.81,1.765,1.077,0.143443207,0.545,0.618,186.818,193.111,0,1816.33935585232,729,9.00320530038499,2.11232876712329
0,1,7,24.5,17.2,36.7,68,24,0.777,0.508,52.073,22.978,6092.86,1.25,0.551,0.099126227,0.345,0.381,125.592,126.376,0,1878,1633.07949125596,5.4986301369863,8.48949319589493
0,1,7,24.5,18,36.5,67,24,0.777,0.508,52.073,22.978,6092.86,1.25,0.551,0.099126227,0.345,0.381,125.592,126.376,0,1878,1633.07949125596,5.4986301369863,8.48949319589493
0,1,7,24.5333333333333,16.6666666666667,36.4333333333333,68,24,0.777,0.508,52.073,22.978,6092.86,1.25,0.551,0.099126227,0.345,0.381,125.592,126.376,0,1878,1633.07949125596,5.4986301369863,8.48949319589493
0,1,7,24.6,14.8,36.1,69,24,0.777,0.508,52.073,22.978,6092.86,1.25,0.551,0.099126227,0.345,0.381,125.592,126.376,0,1878,1633.07949125596,5.4986301369863,8.48949319589493
1,0,13,26.9,16.8,37,70,2,0.976,0.565,70.326,29.984,3035.34,1.688,0.72,0.10962491,0.475,0.554,165.738,167.611,1,2057,1633.07949125596,12.227397260274,8.48949319589493
1,0,13,26.4,16.5,37.2,68,2,0.976,0.565,70.326,29.984,3035.34,1.688,0.72,0.10962491,0.475,0.554,165.738,167.611,1,2057,1633.07949125596,12.227397260274,8.48949319589493
1,0,13,26.6,13.9,37.2,69,2,0.976,0.565,70.326,29.984,3035.34,1.688,0.72,0.10962491,0.475,0.554,165.738,167.611,1,2057,1633.07949125596,12.227397260274,8.48949319589493
1,0,13,26.3,15.8,37.4,69,2,0.976,0.565,70.326,29.984,3035.34,1.688,0.72,0.10962491,0.475,0.554,165.738,167.611,1,2057,1633.07949125596,12.227397260274,8.48949319589493
1,1,10,24.5,15.2,36.8,67,17,0.814,0.644,52.626,35.329,8964.88,1.263,0.848,0.110165607,0.276,0.319,152.206,154.338,0,1816.33935585232,618,9.00320530038499,4.05205479452055
1,1,10,24.3,15.3,37,68,17,0.814,0.644,52.626,35.329,8964.88,1.263,0.848,0.110165607,0.276,0.319,152.206,154.338,0,1816.33935585232,618,9.00320530038499,4.05205479452055
1,1,10,24.6,15.1,36.2,66,17,0.814,0.644,52.626,35.329,8964.88,1.263,0.848,0.110165607,0.276,0.319,152.206,154.338,0,1816.33935585232,618,9.00320530038499,4.05205479452055
1,1,10,26.2,15.5,35.9,70,17,0.814,0.644,52.626,35.329,8964.88,1.263,0.848,0.110165607,0.276,0.319,152.206,154.338,0,1816.33935585232,618,9.00320530038499,4.05205479452055
1,1,10,24.5,16.2,36.4,69,17,0.814,0.644,52.626,35.329,8964.88,1.263,0.848,0.110165607,0.276,0.319,152.206,154.338,0,1816.33935585232,618,9.00320530038499,4.05205479452055
1,1,10,24.7,15.2,36.4,70,17,0.814,0.644,52.626,35.329,8964.88,1.263,0.848,0.110165607,0.276,0.319,152.206,154.338,0,1816.33935585232,618,9.00320530038499,4.05205479452055
1,1,10,24.2,14.5,36.5,70,17,0.814,0.644,52.626,35.329,8964.88,1.263,0.848,0.110165607,0.276,0.319,152.206,154.338,0,1816.33935585232,618,9.00320530038499,4.05205479452055
1,1,6,23.8,15.9,35.8,66,28,1.547,1.221,122.018,84.949,10947.55,2.928,2.039,0.144095708,0.27,0.296,163.19,165,0,1816.33935585232,1140,9.00320530038499,8.42191780821918
1,1,6,23.2,14.5,36.2,65,28,1.547,1.221,122.018,84.949,10947.55,2.928,2.039,0.144095708,0.27,0.296,163.19,165,0,1816.33935585232,1140,9.00320530038499,8.42191780821918
1,1,6,23.1,14,36.3,65,28,1.547,1.221,122.018,84.949,10947.55,2.928,2.039,0.144095708,0.27,0.296,163.19,165,0,1816.33935585232,1140,9.00320530038499,8.42191780821918
1,1,6,23.4,13.5,36.3,65,28,1.547,1.221,122.018,84.949,10947.55,2.928,2.039,0.144095708,0.27,0.296,163.19,165,0,1816.33935585232,1140,9.00320530038499,8.42191780821918
1,0,7,24.5,14.8,35.9,67,35,1.0885,0.805,92.86448,56.75932,7702.13,2.228747,1.362224,0.094434078,0.766,0.844,116.5572,117.5734,0,1816.33935585232,515,9.00320530038499,9.72876712328767
1,0,7,24.2,14.1,35.6,66.5,35,1.0885,0.805,92.86448,56.75932,7702.13,2.228747,1.362224,0.094434078,0.766,0.844,116.5572,117.5734,0,1816.33935585232,515,9.00320530038499,9.72876712328767
1,0,7,24.3,14.8,36,66,35,1.0885,0.805,92.86448,56.75932,7702.13,2.228747,1.362224,0.094434078,0.766,0.844,116.5572,117.5734,0,1816.33935585232,515,9.00320530038499,9.72876712328767
1,0,7,24.2,15,36.1,66,35,1.0885,0.805,92.86448,56.75932,7702.13,2.228747,1.362224,0.094434078,0.766,0.844,116.5572,117.5734,0,1816.33935585232,515,9.00320530038499,9.72876712328767
1,1,13,25.5,17.1,37.1,70,11,1.051,0.748,76.419,42.93,16497.08,1.834,1.03,0.107063473,0.829,0.958,122.989,123.931,1,1624,1633.07949125596,5.41917808219178,8.48949319589493
1,1,13,25.7,17.3,37.5,69,11,1.051,0.748,76.419,42.93,16497.08,1.834,1.03,0.107063473,0.829,0.958,122.989,123.931,1,1624,1633.07949125596,5.41917808219178,8.48949319589493
1,1,13,25.4,16.7,37.1,70,11,1.051,0.748,76.419,42.93,16497.08,1.834,1.03,0.107063473,0.829,0.958,122.989,123.931,1,1624,1633.07949125596,5.41917808219178,8.48949319589493
1,1,13,25.8,16.5,36.2,69,11,1.051,0.748,76.419,42.93,16497.08,1.834,1.03,0.107063473,0.829,0.958,122.989,123.931,1,1624,1633.07949125596,5.41917808219178,8.48949319589493
1,1,13,25.9,17.3,37.2,70,11,1.051,0.748,76.419,42.93,16497.08,1.834,1.03,0.107063473,0.829,0.958,122.989,123.931,1,1624,1633.07949125596,5.41917808219178,8.48949319589493
1,1,13,26.6,16.1,37.6,69,11,1.051,0.748,76.419,42.93,16497.08,1.834,1.03,0.107063473,0.829,0.958,122.989,123.931,1,1624,1633.07949125596,5.41917808219178,8.48949319589493
1,1,13,25.5,16.9,37.3,71,11,1.051,0.748,76.419,42.93,16497.08,1.834,1.03,0.107063473,0.829,0.958,122.989,123.931,1,1624,1633.07949125596,5.41917808219178,8.48949319589493
1,0,10,24.2,15.4,36,66,20,0.716,0.538,47.511,20.665,12027.24,1.14,0.496,0.094421248,0.361,0.398,149.908,150.617,0,1579,512,10.0602739726027,8.18356164383562
1,0,10,24.1,14.8,35,64.5,20,0.716,0.538,47.511,20.665,12027.24,1.14,0.496,0.094421248,0.361,0.398,149.908,150.617,0,1579,512,10.0602739726027,8.18356164383562
1,0,10,24.0333333333333,15.1333333333333,35.4333333333333,64.8333333333333,20,0.716,0.538,47.511,20.665,12027.24,1.14,0.496,0.094421248,0.361,0.398,149.908,150.617,0,1579,512,10.0602739726027,8.18356164383562
1,0,10,23.8,15.2,35.3,64,20,0.716,0.538,47.511,20.665,12027.24,1.14,0.496,0.094421248,0.361,0.398,149.908,150.617,0,1579,512,10.0602739726027,8.18356164383562
1,0,3,24,15.1,36.5,64,2,0.824,0.522,57.047,26.509,7735.94,1.369,0.636,0.138491706,0.651,0.757,133.255,134.481,0,625,1633.07949125596,7.15342465753425,8.48949319589493
1,0,3,24.1,15.2,35.9,64,2,0.824,0.522,57.047,26.509,7735.94,1.369,0.636,0.138491706,0.651,0.757,133.255,134.481,0,625,1633.07949125596,7.15342465753425,8.48949319589493
1,0,7,26.2,16.6,37.1,68,35,2.513,2.31,191.0745,159.3952,29498.92,4.585789,3.825486,0.112816854,0.508,0.551,151.0827,153.9503,1,1816.33935585232,1696,9.00320530038499,7.48219178082192
1,0,7,26,16.8,37,69,35,2.513,2.31,191.0745,159.3952,29498.92,4.585789,3.825486,0.112816854,0.508,0.551,151.0827,153.9503,1,1816.33935585232,1696,9.00320530038499,7.48219178082192
1,0,7,25.8,16.3666666666667,37.3,67,35,2.513,2.31,191.0745,159.3952,29498.92,4.585789,3.825486,0.112816854,0.508,0.551,151.0827,153.9503,1,1816.33935585232,1696,9.00320530038499,7.48219178082192
1,0,7,26,15.7,37.2,69,35,2.513,2.31,191.0745,159.3952,29498.92,4.585789,3.825486,0.112816854,0.508,0.551,151.0827,153.9503,1,1816.33935585232,1696,9.00320530038499,7.48219178082192
1,0,16,26.3,16,37.4,68,28,0.994,0.682,73.509,41.175,7373.79,1.764,0.988,0.118950556,0.489,0.539,132.696,133.846,1,2521,1364,11.2438356164384,13.572602739726
1,0,16,26.32,16,36.8,68,28,0.994,0.682,73.509,41.175,7373.79,1.764,0.988,0.118950556,0.489,0.539,132.696,133.846,1,2521,1364,11.2438356164384,13.572602739726
1,0,16,26.5,16.8,37.3,68,28,0.994,0.682,73.509,41.175,7373.79,1.764,0.988,0.118950556,0.489,0.539,132.696,133.846,1,2521,1364,11.2438356164384,13.572602739726
1,0,16,26.9,15.5,37,68,28,0.994,0.682,73.509,41.175,7373.79,1.764,0.988,0.118950556,0.489,0.539,132.696,133.846,1,2521,1364,11.2438356164384,13.572602739726
1,0,16,25.6,16.8,36.9,68,28,0.994,0.682,73.509,41.175,7373.79,1.764,0.988,0.118950556,0.489,0.539,132.696,133.846,1,2521,1364,11.2438356164384,13.572602739726
1,0,16,26.3,17.8,37.2,69,28,0.994,0.682,73.509,41.175,7373.79,1.764,0.988,0.118950556,0.489,0.539,132.696,133.846,1,2521,1364,11.2438356164384,13.572602739726
0,1,13,25.3,14.2,35.9,67,34,1.77275,1.56975,144.5093,117.4679,18077.12,3.468223,2.819231,0.147452611,0.542,0.597,132.5607,133.5011,0,1515,859,13.8109589041096,7.98356164383562
0,1,13,24.5,17.7,33.3571428571429,63.5714285714286,34,1.77275,1.56975,144.5093,117.4679,18077.12,3.468223,2.819231,0.147452611,0.542,0.597,132.5607,133.5011,0,1515,859,13.8109589041096,7.98356164383562
0,1,13,23.4,15.5,19.5,44,34,1.77275,1.56975,144.5093,117.4679,18077.12,3.468223,2.819231,0.147452611,0.542,0.597,132.5607,133.5011,0,1515,859,13.8109589041096,7.98356164383562
0,1,13,24.1,15.4,36,68,34,1.77275,1.56975,144.5093,117.4679,18077.12,3.468223,2.819231,0.147452611,0.542,0.597,132.5607,133.5011,0,1515,859,13.8109589041096,7.98356164383562
0,1,13,25.1,15.6,36.3,68,34,1.77275,1.56975,144.5093,117.4679,18077.12,3.468223,2.819231,0.147452611,0.542,0.597,132.5607,133.5011,0,1515,859,13.8109589041096,7.98356164383562
0,1,13,24.3,15.8,35.3,66,34,1.77275,1.56975,144.5093,117.4679,18077.12,3.468223,2.819231,0.147452611,0.542,0.597,132.5607,133.5011,0,1515,859,13.8109589041096,7.98356164383562
0,1,13,24.8,15.8,35.2,66,34,1.77275,1.56975,144.5093,117.4679,18077.12,3.468223,2.819231,0.147452611,0.542,0.597,132.5607,133.5011,0,1515,859,13.8109589041096,7.98356164383562
0,1,13,24.5,14.1,35.3,66,34,1.77275,1.56975,144.5093,117.4679,18077.12,3.468223,2.819231,0.147452611,0.542,0.597,132.5607,133.5011,0,1515,859,13.8109589041096,7.98356164383562
1,0,4,23.6,13,34.5,65,32,0.921,0.551,67.82208,29.37003,9880.37,1.62773,0.7048808,0.09589121,0.515,0.567,136.3101,137.5,0,1368,2653,7.66849315068493,7.70958904109589
1,0,4,23.3,14.3,34.5,63,32,0.921,0.551,67.82208,29.37003,9880.37,1.62773,0.7048808,0.09589121,0.515,0.567,136.3101,137.5,0,1368,2653,7.66849315068493,7.70958904109589
1,0,4,23.4,13,34.5,61,32,0.921,0.551,67.82208,29.37003,9880.37,1.62773,0.7048808,0.09589121,0.515,0.567,136.3101,137.5,0,1368,2653,7.66849315068493,7.70958904109589
1,1,2,23.7,14.7,36,65,9,1.393,1.13,115.751,80.571,9125.29,2.778,1.934,0.106102133,0.795,0.923,107.86,108.488,0,1816.33935585232,2394,9.00320530038499,9.0054794520548
1,1,2,24,13.9,35.9,66,9,1.393,1.13,115.751,80.571,9125.29,2.778,1.934,0.106102133,0.795,0.923,107.86,108.488,0,1816.33935585232,2394,9.00320530038499,9.0054794520548
1,1,2,24.3,14.4,36.4,66,9,1.393,1.13,115.751,80.571,9125.29,2.778,1.934,0.106102133,0.795,0.923,107.86,108.488,0,1816.33935585232,2394,9.00320530038499,9.0054794520548
1,1,2,24.2,14.8,35.8,65,9,1.393,1.13,115.751,80.571,9125.29,2.778,1.934,0.106102133,0.795,0.923,107.86,108.488,0,1816.33935585232,2394,9.00320530038499,9.0054794520548
1,1,4,24.3,16,36.6,63,12,1.328,1.059,101.292,68.611,11505.15,2.431,1.647,0.08580978,0.592,0.685,125.974,126.774,0,1278,1002,5.86575342465753,7.11506849315068
1,1,4,24.5,16,37.5,65,12,1.328,1.059,101.292,68.611,11505.15,2.431,1.647,0.08580978,0.592,0.685,125.974,126.774,0,1278,1002,5.86575342465753,7.11506849315068
1,1,4,24.5,14.5,36.9,63,12,1.328,1.059,101.292,68.611,11505.15,2.431,1.647,0.08580978,0.592,0.685,125.974,126.774,0,1278,1002,5.86575342465753,7.11506849315068
0,1,1,22.7,13.9,35.1,63,2,0.632,0.565,40.274,29.984,6838.38,0.967,0.72,0.031642312,0.843,0.979,97.819,98.249,0,787,1401,4.02739726027397,11.3205479452055
1,1,2,24.1,13.9,36,66,16,1.227,0.992,86.72,62.102,6429.06,2.081,1.49,0.083221217,0.324,0.377,143.785,145.362,0,2170,1633.07949125596,8.26849315068493,8.48949319589493
1,1,2,23.8,14.4,36.2,64,16,1.227,0.992,86.72,62.102,6429.06,2.081,1.49,0.083221217,0.324,0.377,143.785,145.362,0,2170,1633.07949125596,8.26849315068493,8.48949319589493
1,1,2,24.3,14.5,36.5,64,16,1.227,0.992,86.72,62.102,6429.06,2.081,1.49,0.083221217,0.324,0.377,143.785,145.362,0,2170,1633.07949125596,8.26849315068493,8.48949319589493
1,0,3,26.3,18,37.5,65,16,1.358,1.079,97.2,68.588,9426.64,2.333,1.646,0.117007713,0.42,0.487,125.484,126.833,1,1866,1457,12.9095890410959,17.2301369863014
1,0,3,25.9,16.9,37.3,68,16,1.358,1.079,97.2,68.588,9426.64,2.333,1.646,0.117007713,0.42,0.487,125.484,126.833,1,1866,1457,12.9095890410959,17.2301369863014
1,0,3,28.5,16.1,36.5,69,16,1.358,1.079,97.2,68.588,9426.64,2.333,1.646,0.117007713,0.42,0.487,125.484,126.833,1,1866,1457,12.9095890410959,17.2301369863014
1,0,3,26.1,17,37.2,70,16,1.358,1.079,97.2,68.588,9426.64,2.333,1.646,0.117007713,0.42,0.487,125.484,126.833,1,1866,1457,12.9095890410959,17.2301369863014
1,0,7,23.6,17.5,36,64,11,1.518,1.181,119.158,79.813,11959.15,2.86,1.916,0.092424335,0.762,0.88,136.587,138.043,0,1805,1664,11.1561643835616,5.41095890410959
1,0,7,24.2,14.5,36.7,64,11,1.518,1.181,119.158,79.813,11959.15,2.86,1.916,0.092424335,0.762,0.88,136.587,138.043,0,1805,1664,11.1561643835616,5.41095890410959
1,0,7,24.5,15.8,36.4,65,11,1.518,1.181,119.158,79.813,11959.15,2.86,1.916,0.092424335,0.762,0.88,136.587,138.043,0,1805,1664,11.1561643835616,5.41095890410959
1,0,7,23.2,14.8,36.1,63,11,1.518,1.181,119.158,79.813,11959.15,2.86,1.916,0.092424335,0.762,0.88,136.587,138.043,0,1805,1664,11.1561643835616,5.41095890410959
1,0,7,24.5,14.8,36.6,65,11,1.518,1.181,119.158,79.813,11959.15,2.86,1.916,0.092424335,0.762,0.88,136.587,138.043,0,1805,1664,11.1561643835616,5.41095890410959
1,0,7,23.5,14.5,10.7,64.4285714285714,11,1.518,1.181,119.158,79.813,11959.15,2.86,1.916,0.092424335,0.762,0.88,136.587,138.043,0,1805,1664,11.1561643835616,5.41095890410959
1,0,7,24.3,14.7,36.4,64,11,1.518,1.181,119.158,79.813,11959.15,2.86,1.916,0.092424335,0.762,0.88,136.587,138.043,0,1805,1664,11.1561643835616,5.41095890410959
1,0,7,24.2,15.7,36.2,66,11,1.518,1.181,119.158,79.813,11959.15,2.86,1.916,0.092424335,0.762,0.88,136.587,138.043,0,1805,1664,11.1561643835616,5.41095890410959
1,0,1,26.1,15.8,10.7,66,11,1.733,1.389,138.835,97.53,11959.15,3.332,2.341,0.0833234,0.716,0.828,145.923,147.451,1,1805,1664,11.1561643835616,5.41095890410959
1,0,1,26.6,15.9,37.5,66,11,1.733,1.389,138.835,97.53,11959.15,3.332,2.341,0.0833234,0.716,0.828,145.923,147.451,1,1805,1664,11.1561643835616,5.41095890410959
0,1,1,25.6,16,37,66,7,1.11,0.985,105.178,80.189,3822.91,2.524,1.925,0.094325022,0.931,1.075,94.009,94.783,1,1610,843,3.82191780821918,6.62739726027397
0,1,1,26.3,17.2,37.1,68,7,1.11,0.985,105.178,80.189,3822.91,2.524,1.925,0.094325022,0.931,1.075,94.009,94.783,1,1610,843,3.82191780821918,6.62739726027397
0,1,4,26,17.6,11,69.3333333333333,21,0.944,0.743,67.277,42.894,6429.06,1.615,1.029,0.140522527,0.388,0.428,139.826,140.584,1,1476,1357,11.2027397260274,5.81369863013699
0,1,4,26.4,17.2,37.4,69,21,0.944,0.743,67.277,42.894,6429.06,1.615,1.029,0.140522527,0.388,0.428,139.826,140.584,1,1476,1357,11.2027397260274,5.81369863013699
0,1,4,26.2,16.3,37.1,68,21,0.944,0.743,67.277,42.894,6429.06,1.615,1.029,0.140522527,0.388,0.428,139.826,140.584,1,1476,1357,11.2027397260274,5.81369863013699
0,1,4,26.2,16,37.3,70,21,0.944,0.743,67.277,42.894,6429.06,1.615,1.029,0.140522527,0.388,0.428,139.826,140.584,1,1476,1357,11.2027397260274,5.81369863013699
0,1,4,26.4,16,37.2,69,21,0.944,0.743,67.277,42.894,6429.06,1.615,1.029,0.140522527,0.388,0.428,139.826,140.584,1,1476,1357,11.2027397260274,5.81369863013699
0,1,4,26.3,16.5,36.8,70,21,0.944,0.743,67.277,42.894,6429.06,1.615,1.029,0.140522527,0.388,0.428,139.826,140.584,1,1476,1357,11.2027397260274,5.81369863013699
0,1,4,26.1,17.5,37.3,70,21,0.944,0.743,67.277,42.894,6429.06,1.615,1.029,0.140522527,0.388,0.428,139.826,140.584,1,1476,1357,11.2027397260274,5.81369863013699
0,1,5,25.45,17.15,31.475,71.3333333333333,33,1.083,0.751,78.19701,44.23077,19852.01,1.876728,1.061538,0.088362694,0.681,0.751,119.2346,120,1,1791,1073,6.97534246575342,6.53424657534247
0,1,5,25.9,17.5,37.8,71,33,1.083,0.751,78.19701,44.23077,19852.01,1.876728,1.061538,0.088362694,0.681,0.751,119.2346,120,1,1791,1073,6.97534246575342,6.53424657534247
0,1,5,25.3,17.5,37.9,71,33,1.083,0.751,78.19701,44.23077,19852.01,1.876728,1.061538,0.088362694,0.681,0.751,119.2346,120,1,1791,1073,6.97534246575342,6.53424657534247
0,1,5,26.1,17.2,38.1,72,33,1.083,0.751,78.19701,44.23077,19852.01,1.876728,1.061538,0.088362694,0.681,0.751,119.2346,120,1,1791,1073,6.97534246575342,6.53424657534247
0,1,5,24.5,16.4,12.1,71.3333333333333,33,1.083,0.751,78.19701,44.23077,19852.01,1.876728,1.061538,0.088362694,0.681,0.751,119.2346,120,1,1791,1073,6.97534246575342,6.53424657534247
0,1,9,25.6,15.5,37.2,70,22,0.969,0.74,69.53,42.636,5186.22,1.669,1.023,0.184049539,0.546,0.603,116.654,117.483,1,900,2612,14.0547945205479,9.70958904109589
0,1,9,25.1,16.1,37.2,70,22,0.969,0.74,69.53,42.636,5186.22,1.669,1.023,0.184049539,0.546,0.603,116.654,117.483,1,900,2612,14.0547945205479,9.70958904109589
0,1,9,25.3,16.6,36.9,69,22,0.969,0.74,69.53,42.636,5186.22,1.669,1.023,0.184049539,0.546,0.603,116.654,117.483,1,900,2612,14.0547945205479,9.70958904109589
0,1,9,25.1,16.2,38,71,22,0.969,0.74,69.53,42.636,5186.22,1.669,1.023,0.184049539,0.546,0.603,116.654,117.483,1,900,2612,14.0547945205479,9.70958904109589
0,1,9,25.5,16.2,37,70.5,22,0.969,0.74,69.53,42.636,5186.22,1.669,1.023,0.184049539,0.546,0.603,116.654,117.483,1,900,2612,14.0547945205479,9.70958904109589
0,1,9,24.6714285714286,16,37,70,22,0.969,0.74,69.53,42.636,5186.22,1.669,1.023,0.184049539,0.546,0.603,116.654,117.483,1,900,2612,14.0547945205479,9.70958904109589
0,1,9,21,12.8,11.8,70.0714285714286,22,0.969,0.74,69.53,42.636,5186.22,1.669,1.023,0.184049539,0.546,0.603,116.654,117.483,1,900,2612,14.0547945205479,9.70958904109589
0,1,9,25.1,16.2,37.3,70,22,0.969,0.74,69.53,42.636,5186.22,1.669,1.023,0.184049539,0.546,0.603,116.654,117.483,1,900,2612,14.0547945205479,9.70958904109589
1,1,7,25.7,15.9,37.1,65,12,1.32,1.088,100.554,71.098,11505.15,2.413,1.706,0.113227417,0.55,0.637,133.597,134.516,1,1385,502,5.86575342465753,4.47397260273973
1,1,7,25.8,17,37.2,67,12,1.32,1.088,100.554,71.098,11505.15,2.413,1.706,0.113227417,0.55,0.637,133.597,134.516,1,1385,502,5.86575342465753,4.47397260273973
1,1,7,23.6,15,11.4,66.75,12,1.32,1.088,100.554,71.098,11505.15,2.413,1.706,0.113227417,0.55,0.637,133.597,134.516,1,1385,502,5.86575342465753,4.47397260273973
1,1,7,25.8,16.4,37,66.5,12,1.32,1.088,100.554,71.098,11505.15,2.413,1.706,0.113227417,0.55,0.637,133.597,134.516,1,1385,502,5.86575342465753,4.47397260273973
1,1,7,26,16.5,37.4,67,12,1.32,1.088,100.554,71.098,11505.15,2.413,1.706,0.113227417,0.55,0.637,133.597,134.516,1,1385,502,5.86575342465753,4.47397260273973
1,1,7,25.6,17.9,37.1,67,12,1.32,1.088,100.554,71.098,11505.15,2.413,1.706,0.113227417,0.55,0.637,133.597,134.516,1,1385,502,5.86575342465753,4.47397260273973
1,1,7,25.7,16.1,37.2,68,12,1.32,1.088,100.554,71.098,11505.15,2.413,1.706,0.113227417,0.55,0.637,133.597,134.516,1,1385,502,5.86575342465753,4.47397260273973
1,1,9,24.8,16.3,37.6,67,29,0.427,0.31,50.815,29.379,9609.57,1.22,0.705,0.085231693,0.144,0.159,168.684,170.138,0,1479,1506,4.87945205479452,5.64657534246575
1,1,9,24.7,16.4,10.9,66.75,29,0.427,0.31,50.815,29.379,9609.57,1.22,0.705,0.085231693,0.144,0.159,168.684,170.138,0,1479,1506,4.87945205479452,5.64657534246575
1,1,9,24.5,16,36.8,65,29,0.427,0.31,50.815,29.379,9609.57,1.22,0.705,0.085231693,0.144,0.159,168.684,170.138,0,1479,1506,4.87945205479452,5.64657534246575
1,1,9,24.4,15,38,67,29,0.427,0.31,50.815,29.379,9609.57,1.22,0.705,0.085231693,0.144,0.159,168.684,170.138,0,1479,1506,4.87945205479452,5.64657534246575
1,1,9,25.1,15,37.6,68,29,0.427,0.31,50.815,29.379,9609.57,1.22,0.705,0.085231693,0.144,0.159,168.684,170.138,0,1479,1506,4.87945205479452,5.64657534246575
1,1,4,25.3,16.3,10.6,69.6666666666667,24,1.016,0.729,74.257,41.997,10129.56,1.782,1.008,0.102517954,0.412,0.454,117.366,118.131,1,1807,1099,13.5150684931507,11.5753424657534
1,1,4,26.3,16.5,37.1,70,24,1.016,0.729,74.257,41.997,10129.56,1.782,1.008,0.102517954,0.412,0.454,117.366,118.131,1,1807,1099,13.5150684931507,11.5753424657534
1,1,4,26.3,16.1,37,69,24,1.016,0.729,74.257,41.997,10129.56,1.782,1.008,0.102517954,0.412,0.454,117.366,118.131,1,1807,1099,13.5150684931507,11.5753424657534
1,1,4,26.3,15.9,36.7,70,24,1.016,0.729,74.257,41.997,10129.56,1.782,1.008,0.102517954,0.412,0.454,117.366,118.131,1,1807,1099,13.5150684931507,11.5753424657534
0,1,10,25.2,16.8,37,68,10,0.928,0.71,67.059,41.254,8895.8,1.609,0.99,0.083174845,0.622,0.722,169.318,171.926,1,1531,2576,5.25753424657534,7.86027397260274
0,1,10,26.1333333333333,17.7,28.2666666666667,68,10,0.928,0.71,67.059,41.254,8895.8,1.609,0.99,0.083174845,0.622,0.722,169.318,171.926,1,1531,2576,5.25753424657534,7.86027397260274
0,1,10,26.7,17.1,10.9,68,10,0.928,0.71,67.059,41.254,8895.8,1.609,0.99,0.083174845,0.622,0.722,169.318,171.926,1,1531,2576,5.25753424657534,7.86027397260274
0,1,10,26.5,16.9,36.9,68,10,0.928,0.71,67.059,41.254,8895.8,1.609,0.99,0.083174845,0.622,0.722,169.318,171.926,1,1531,2576,5.25753424657534,7.86027397260274
0,1,9,24.1,14.7,36.3,67,13,1.342,1.01,111.546,69.789,12543.96,2.677,1.675,0.190456339,0.749,0.866,133.231,134.919,0,1816.33935585232,1096,9.00320530038499,6.08493150684932
0,1,9,24.7,15.6,36.2,66,13,1.342,1.01,111.546,69.789,12543.96,2.677,1.675,0.190456339,0.749,0.866,133.231,134.919,0,1816.33935585232,1096,9.00320530038499,6.08493150684932
0,1,9,24.9,15,36.3,64,13,1.342,1.01,111.546,69.789,12543.96,2.677,1.675,0.190456339,0.749,0.866,133.231,134.919,0,1816.33935585232,1096,9.00320530038499,6.08493150684932
0,1,9,24.9,15.9,36,65,13,1.342,1.01,111.546,69.789,12543.96,2.677,1.675,0.190456339,0.749,0.866,133.231,134.919,0,1816.33935585232,1096,9.00320530038499,6.08493150684932
0,1,9,25.4,17.9,35.9,65,13,1.342,1.01,111.546,69.789,12543.96,2.677,1.675,0.190456339,0.749,0.866,133.231,134.919,0,1816.33935585232,1096,9.00320530038499,6.08493150684932
0,1,9,24.8,15.5,10.1,65.4,13,1.342,1.01,111.546,69.789,12543.96,2.677,1.675,0.190456339,0.749,0.866,133.231,134.919,0,1816.33935585232,1096,9.00320530038499,6.08493150684932
0,1,9,24.8,15.8,31.8,65.4,13,1.342,1.01,111.546,69.789,12543.96,2.677,1.675,0.190456339,0.749,0.866,133.231,134.919,0,1816.33935585232,1096,9.00320530038499,6.08493150684932
1,0,3,24.2,13.7,36,66,16,1.146,0.899,80.24,55.169,13663.31,1.926,1.324,0.095824311,0.364,0.422,148.997,150.838,0,2272,392,8.24657534246575,7.21369863013699
1,0,3,24.4,14.5,9.3,65.5,16,1.146,0.899,80.24,55.169,13663.31,1.926,1.324,0.095824311,0.364,0.422,148.997,150.838,0,2272,392,8.24657534246575,7.21369863013699
1,0,3,23.4,13.7,36,65,16,1.146,0.899,80.24,55.169,13663.31,1.926,1.324,0.095824311,0.364,0.422,148.997,150.838,0,2272,392,8.24657534246575,7.21369863013699
1,1,2,23.2,14.2,10.7,66,8,1.051,0.832,78.922,50.869,3822.91,1.894,1.221,0.150125853,0.869,1.003,105.119,105.988,0,1816.33935585232,949,9.00320530038499,6.62739726027397
1,1,2,23.6,15.1,36,65,8,1.051,0.832,78.922,50.869,3822.91,1.894,1.221,0.150125853,0.869,1.003,105.119,105.988,0,1816.33935585232,949,9.00320530038499,6.62739726027397
1,1,2,23.4,14.7,36.1,67,8,1.051,0.832,78.922,50.869,3822.91,1.894,1.221,0.150125853,0.869,1.003,105.119,105.988,0,1816.33935585232,949,9.00320530038499,6.62739726027397
1,0,1,25.6,17,37.1,69,10,0.991,0.8,72.91,49.022,3822.91,1.75,1.177,0.117107605,0.722,0.836,146.591,148.704,1,1816.33935585232,949,9.00320530038499,6.62739726027397
1,0,1,25.7,16.9,11,69,10,0.991,0.8,72.91,49.022,3822.91,1.75,1.177,0.117107605,0.722,0.836,146.591,148.704,1,1816.33935585232,949,9.00320530038499,6.62739726027397
0,1,11,24.1,14,36.8,67,26,1.097,0.825,82.351,50.862,4153.45,1.976,1.221,0.139894769,0.508,0.559,132.512,128.372,0,2577,1119,13.5561643835616,16.613698630137
0,1,11,24.3,14.8,36.4,66,26,1.097,0.825,82.351,50.862,4153.45,1.976,1.221,0.139894769,0.508,0.559,132.512,128.372,0,2577,1119,13.5561643835616,16.613698630137
0,1,11,24.5,14.2,36.4,68,26,1.097,0.825,82.351,50.862,4153.45,1.976,1.221,0.139894769,0.508,0.559,132.512,128.372,0,2577,1119,13.5561643835616,16.613698630137
0,1,11,23.9,16.1,10.4,66.5,26,1.097,0.825,82.351,50.862,4153.45,1.976,1.221,0.139894769,0.508,0.559,132.512,128.372,0,2577,1119,13.5561643835616,16.613698630137
0,1,11,24.6,14.9,36.3,65.5,26,1.097,0.825,82.351,50.862,4153.45,1.976,1.221,0.139894769,0.508,0.559,132.512,128.372,0,2577,1119,13.5561643835616,16.613698630137
0,1,11,24.7,14.5,36.2,66,26,1.097,0.825,82.351,50.862,4153.45,1.976,1.221,0.139894769,0.508,0.559,132.512,128.372,0,2577,1119,13.5561643835616,16.613698630137
0,1,1,26.2,15.6,37,67,9,0.619,0.43,38.915,16.114,12005.03,0.934,0.387,0.087320799,0.719,0.836,124.125,124.931,1,2281,1633.07949125596,8.26849315068493,8.48949319589493
0,1,1,25.9,17.2,11.5,67,9,0.619,0.43,38.915,16.114,12005.03,0.934,0.387,0.087320799,0.719,0.836,124.125,124.931,1,2281,1633.07949125596,8.26849315068493,8.48949319589493
1,1,5,24.1,14.8,36.2,67,32,1.6485,1.4385,134.7699,104.9234,7402.23,3.234478,2.518161,0.103281345,0.034,0.032,199.9038,202.5996,0,1257,1362,6.95068493150685,10.7753424657534
1,1,5,23.6666666666667,14.8333333333333,35.9,65.6666666666667,32,1.6485,1.4385,134.7699,104.9234,7402.23,3.234478,2.518161,0.103281345,0.034,0.032,199.9038,202.5996,0,1257,1362,6.95068493150685,10.7753424657534
1,1,5,23.8,13.8,36,64,32,1.6485,1.4385,134.7699,104.9234,7402.23,3.234478,2.518161,0.103281345,0.034,0.032,199.9038,202.5996,0,1257,1362,6.95068493150685,10.7753424657534
1,1,5,23.1,15.9,35.5,66,32,1.6485,1.4385,134.7699,104.9234,7402.23,3.234478,2.518161,0.103281345,0.034,0.032,199.9038,202.5996,0,1257,1362,6.95068493150685,10.7753424657534
1,0,8,26,15.9,36.8,65,34,1.341,0.963,103.101,61.90476,6235.4,2.474425,1.485714,0.12259247,0.588,0.648,126.4199,127.226,1,2389,1055,8.91232876712329,9.83835616438356
1,0,8,25.8,15.8,36.6,68,34,1.341,0.963,103.101,61.90476,6235.4,2.474425,1.485714,0.12259247,0.588,0.648,126.4199,127.226,1,2389,1055,8.91232876712329,9.83835616438356
1,0,8,25.5,16.5,36.2,67,34,1.341,0.963,103.101,61.90476,6235.4,2.474425,1.485714,0.12259247,0.588,0.648,126.4199,127.226,1,2389,1055,8.91232876712329,9.83835616438356
1,0,8,25.6,16.1,36.5,68,34,1.341,0.963,103.101,61.90476,6235.4,2.474425,1.485714,0.12259247,0.588,0.648,126.4199,127.226,1,2389,1055,8.91232876712329,9.83835616438356
1,0,8,25.8,16,36.3,68,34,1.341,0.963,103.101,61.90476,6235.4,2.474425,1.485714,0.12259247,0.588,0.648,126.4199,127.226,1,2389,1055,8.91232876712329,9.83835616438356
1,1,2,24.4,15.5,35.9,67,9,0.991,0.819,75.844,51.934,4701.24,1.82,1.246,0.14022102,0.656,0.765,137.607,138.351,1,2726,1685,8.93424657534247,13.9178082191781
1,1,3,26.7,15.6,37,68,9,1.102,0.841,86.863,53.959,7260.48,2.085,1.295,0.163399502,0.761,0.879,115.136,116.804,1,1386,2827,5.10958904109589,11.0630136986301
1,1,3,26.7,15.5,37.2,66,9,1.102,0.841,86.863,53.959,7260.48,2.085,1.295,0.163399502,0.761,0.879,115.136,116.804,1,1386,2827,5.10958904109589,11.0630136986301
1,1,3,26.6,15.9,37.1,67,9,1.102,0.841,86.863,53.959,7260.48,2.085,1.295,0.163399502,0.761,0.879,115.136,116.804,1,1386,2827,5.10958904109589,11.0630136986301
1,1,3,26.4,15.5,37.7,65,9,1.102,0.841,86.863,53.959,7260.48,2.085,1.295,0.163399502,0.761,0.879,115.136,116.804,1,1386,2827,5.10958904109589,11.0630136986301
1,0,8,25.8,16.9,36.4,68,27,0.988,0.702,75.873,44.168,8033.5,1.821,1.06,0.14292817,0.586,0.647,120.233,121,1,1706,1260,8.06849315068493,6.84657534246575
1,0,8,25.1,16.3,36.4,67,27,0.988,0.702,75.873,44.168,8033.5,1.821,1.06,0.14292817,0.586,0.647,120.233,121,1,1706,1260,8.06849315068493,6.84657534246575
1,0,8,25.8,15.9,36.4,69,27,0.988,0.702,75.873,44.168,8033.5,1.821,1.06,0.14292817,0.586,0.647,120.233,121,1,1706,1260,8.06849315068493,6.84657534246575
1,0,8,25.5,15.9,36,69,27,0.988,0.702,75.873,44.168,8033.5,1.821,1.06,0.14292817,0.586,0.647,120.233,121,1,1706,1260,8.06849315068493,6.84657534246575
1,0,8,25.9,16.1,35.4,70,27,0.988,0.702,75.873,44.168,8033.5,1.821,1.06,0.14292817,0.586,0.647,120.233,121,1,1706,1260,8.06849315068493,6.84657534246575
1,0,2,23.5,14.4,35.8,63,9,0.803,0.664,57.181,37.661,9977.67,1.372,0.904,0.116080281,0.83,0.963,100.37,100.928,0,347,592,1.76986301369863,4.94794520547945
1,0,2,24.2,14,35.6,65,9,0.803,0.664,57.181,37.661,9977.67,1.372,0.904,0.116080281,0.83,0.963,100.37,100.928,0,347,592,1.76986301369863,4.94794520547945
0,1,3,26.1,17.1,36.9,69,21,0.69,0.563,43.641,27.359,8645.28,1.047,0.657,0.090094207,0.377,0.416,141.331,142.094,1,1522,1720,6.03561643835616,5.11506849315068
0,1,3,25.9,14.8,36.7,69,21,0.69,0.563,43.641,27.359,8645.28,1.047,0.657,0.090094207,0.377,0.416,141.331,142.094,1,1522,1720,6.03561643835616,5.11506849315068
1,0,2,25.2,15.6,36.6,67,12,0.876,0.703,59.594,38.079,4748.97,1.43,0.914,0.091720513,0.686,0.793,108.911,109.355,1,1626,2024,5.25753424657534,7.32876712328767
1,0,3,25.8,17,37.4,69,16,0.673,0.548,42.4,29.001,15913.75,1.018,0.696,0.101247775,0.257,0.299,156.558,158.5,1,1623,1780,4.96164383561644,9.6986301369863
1,0,3,25.5,16.2,37.5,69,16,0.673,0.548,42.4,29.001,15913.75,1.018,0.696,0.101247775,0.257,0.299,156.558,158.5,1,1623,1780,4.96164383561644,9.6986301369863
1,0,3,26,16.3,37,69,16,0.673,0.548,42.4,29.001,15913.75,1.018,0.696,0.101247775,0.257,0.299,156.558,158.5,1,1623,1780,4.96164383561644,9.6986301369863
1,0,2,24.1,15.9,36,65,21,0.662,0.519,41.036,23.562,6235.4,0.985,0.565,0.097495889,0.417,0.458,135.858,136.808,0,2684,1350,8.91232876712329,9.83835616438356
1,0,2,23.7,17.1,10.1,65,21,0.662,0.519,41.036,23.562,6235.4,0.985,0.565,0.097495889,0.417,0.458,135.858,136.808,0,2684,1350,8.91232876712329,9.83835616438356
0,1,9,25,16.3,36.95,69,35,1.332,0.912,88.73483,46.16631,8906.92,2.129636,1.107991,0.074011409,0.744,0.819,119.5012,120.6772,1,1480,1944,3.82465753424658,14.5534246575342
0,1,9,25,16.5,36.9,69,35,1.332,0.912,88.73483,46.16631,8906.92,2.129636,1.107991,0.074011409,0.744,0.819,119.5012,120.6772,1,1480,1944,3.82465753424658,14.5534246575342
0,1,9,25,16.1,37,69,35,1.332,0.912,88.73483,46.16631,8906.92,2.129636,1.107991,0.074011409,0.744,0.819,119.5012,120.6772,1,1480,1944,3.82465753424658,14.5534246575342
1,0,4,24.7,18.9,36.3,65,32,3.33725,3.17275,290.1764,252.561,6740.32,6.964233,6.061464,0.139512615,0.535,0.573,133.6659,136.7699,0,2933,2626,8.55890410958904,15.3506849315068
1,0,4,23.6,16,10.8,64.5,32,3.33725,3.17275,290.1764,252.561,6740.32,6.964233,6.061464,0.139512615,0.535,0.573,133.6659,136.7699,0,2933,2626,8.55890410958904,15.3506849315068
1,0,4,24.4,14.4,36.6,64,32,3.33725,3.17275,290.1764,252.561,6740.32,6.964233,6.061464,0.139512615,0.535,0.573,133.6659,136.7699,0,2933,2626,8.55890410958904,15.3506849315068
1,0,3,23.1,17,10.9,68,27,1.095,0.815,85.701,53.766,8365.81,2.057,1.29,0.10698466,0.705,0.778,103.32,103.845,1,2939,983,15.6082191780822,12.7972602739726
1,0,3,25,16.9,37.3,68,27,1.095,0.815,85.701,53.766,8365.81,2.057,1.29,0.10698466,0.705,0.778,103.32,103.845,1,2939,983,15.6082191780822,12.7972602739726
0,1,5,24.4,16,36,66,18,1.167,0.941,81.891,58.028,17944.61,1.965,1.393,0.127142571,0.439,0.513,125.478,126.434,0,2637,1633.07949125596,13.4986301369863,8.48949319589493
0,1,5,24.7,14.9,35.7,67,18,1.167,0.941,81.891,58.028,17944.61,1.965,1.393,0.127142571,0.439,0.513,125.478,126.434,0,2637,1633.07949125596,13.4986301369863,8.48949319589493
0,1,5,24.2,14.1,36,65,18,1.167,0.941,81.891,58.028,17944.61,1.965,1.393,0.127142571,0.439,0.513,125.478,126.434,0,2637,1633.07949125596,13.4986301369863,8.48949319589493
0,1,5,24.36,18.6,35.94,65.7,18,1.167,0.941,81.891,58.028,17944.61,1.965,1.393,0.127142571,0.439,0.513,125.478,126.434,0,2637,1633.07949125596,13.4986301369863,8.48949319589493
0,1,5,24.1,16.8,36.1,66,18,1.167,0.941,81.891,58.028,17944.61,1.965,1.393,0.127142571,0.439,0.513,125.478,126.434,0,2637,1633.07949125596,13.4986301369863,8.48949319589493
0,1,5,24.4,14.8,35.9,64.5,18,1.167,0.941,81.891,58.028,17944.61,1.965,1.393,0.127142571,0.439,0.513,125.478,126.434,0,2637,1633.07949125596,13.4986301369863,8.48949319589493
1,1,10,23.7,15.8,36.6,68,8,1.33,1.114,105.939,76.213,8365.81,2.543,1.829,0.145187183,0.889,1.027,101.365,101.976,0,629,759,3.4027397260274,12.7972602739726
1,1,10,24,14.5,36.8,65,8,1.33,1.114,105.939,76.213,8365.81,2.543,1.829,0.145187183,0.889,1.027,101.365,101.976,0,629,759,3.4027397260274,12.7972602739726
1,0,2,25.6,16.2,36.3,70,29,1.015,0.684,73.596,40.509,3581.89,1.766,0.972,0.097301604,0.557,0.613,116.224,117.123,1,1621,1633.07949125596,4.87945205479452,8.48949319589493
1,0,2,25.6,16.9,37.5,66,29,1.015,0.684,73.596,40.509,3581.89,1.766,0.972,0.097301604,0.557,0.613,116.224,117.123,1,1621,1633.07949125596,4.87945205479452,8.48949319589493
1,0,1,24.3,15,10.5,65,25,0.924,0.776,64.114,44.581,7780.27,1.539,1.07,0.086922699,0.413,0.455,148.023,148.862,0,2184,1037,13.5150684931507,12.3698630136986
1,0,1,24.7,13.7,35.7,65,25,0.924,0.776,64.114,44.581,7780.27,1.539,1.07,0.086922699,0.413,0.455,148.023,148.862,0,2184,1037,13.5150684931507,12.3698630136986
1,0,0,23.4,12.2,36,65,16,1.155,0.888,80.96,54.349,9977.67,1.943,1.304,0.094193056,0.224,0.26,162.848,165.069,0,1750,873,5.27671232876712,4.94794520547945
1,0,0,22.3,14.4,10.6,65,16,1.155,0.888,80.96,54.349,9977.67,1.943,1.304,0.094193056,0.224,0.26,162.848,165.069,0,1750,873,5.27671232876712,4.94794520547945
0,1,2,23.1,15.6,10.9,66,23,1.155,0.954,87.32,61.285,11438.16,2.096,1.471,0.13901774,0.321,0.353,148.83,150.509,0,1816.33935585232,1468,9.00320530038499,6.08493150684932
0,1,2,24.1,14.8,35.7,66,23,1.155,0.954,87.32,61.285,11438.16,2.096,1.471,0.13901774,0.321,0.353,148.83,150.509,0,1816.33935585232,1468,9.00320530038499,6.08493150684932
1,1,3,24.5,14.2,35.9,66,24,0.824,0.664,56.436,36.403,8412.24,1.354,0.874,0.093629448,0.573,0.632,97.6,98.029,0,2607,893,12.2876712328767,13.9780821917808
1,1,3,23.2,14.9,10.7,65.6666666666667,24,0.824,0.664,56.436,36.403,8412.24,1.354,0.874,0.093629448,0.573,0.632,97.6,98.029,0,2607,893,12.2876712328767,13.9780821917808
1,1,3,24.3,14.2,35.9,65,24,0.824,0.664,56.436,36.403,8412.24,1.354,0.874,0.093629448,0.573,0.632,97.6,98.029,0,2607,893,12.2876712328767,13.9780821917808
1,1,3,24.6,14.8,36.2,66,24,0.824,0.664,56.436,36.403,8412.24,1.354,0.874,0.093629448,0.573,0.632,97.6,98.029,0,2607,893,12.2876712328767,13.9780821917808
1,0,3,22.4,14,34.6,67,26,0.652,0.469,40.943,20.172,2300.67,0.983,0.484,0.10573006,0.761,0.837,98.407,96.047,0,1939,3150,7.15342465753425,8.8958904109589
1,0,3,23.3,13.9,34.8,66,26,0.652,0.469,40.943,20.172,2300.67,0.983,0.484,0.10573006,0.761,0.837,98.407,96.047,0,1939,3150,7.15342465753425,8.8958904109589
0,1,7,23.5,14,36.3,66,28,0.89,0.565,64.386,31.673,3748.5,1.545,0.76,0.105370817,0.453,0.5,137.709,138.846,0,2056,2378,13.2027397260274,7.48219178082192
0,1,7,23.4,13.9,36.9,65,28,0.89,0.565,64.386,31.673,3748.5,1.545,0.76,0.105370817,0.453,0.5,137.709,138.846,0,2056,2378,13.2027397260274,7.48219178082192
0,1,7,23.3,14.9,36.8,65,28,0.89,0.565,64.386,31.673,3748.5,1.545,0.76,0.105370817,0.453,0.5,137.709,138.846,0,2056,2378,13.2027397260274,7.48219178082192
0,1,7,23.9,14.7,36.9,65,28,0.89,0.565,64.386,31.673,3748.5,1.545,0.76,0.105370817,0.453,0.5,137.709,138.846,0,2056,2378,13.2027397260274,7.48219178082192
0,1,7,24.1,14.2,36.7,66,28,0.89,0.565,64.386,31.673,3748.5,1.545,0.76,0.105370817,0.453,0.5,137.709,138.846,0,2056,2378,13.2027397260274,7.48219178082192
0,1,7,23.7857142857143,14.5,36.6571428571429,65.2857142857143,28,0.89,0.565,64.386,31.673,3748.5,1.545,0.76,0.105370817,0.453,0.5,137.709,138.846,0,2056,2378,13.2027397260274,7.48219178082192
0,1,7,24,13.1,36.4,64,28,0.89,0.565,64.386,31.673,3748.5,1.545,0.76,0.105370817,0.453,0.5,137.709,138.846,0,2056,2378,13.2027397260274,7.48219178082192
0,1,7,24.3,14.3,36.6,66,28,0.89,0.565,64.386,31.673,3748.5,1.545,0.76,0.105370817,0.453,0.5,137.709,138.846,0,2056,2378,13.2027397260274,7.48219178082192
1,1,1,23.8,14.1,35.7,64,25,1.957,1.606,159.41,115.602,18002.93,3.826,2.774,0.131456232,0.457,0.502,141.849,142.793,0,3198,2746,13.5561643835616,14.3342465753425
1,0,2,25.6,15,37.3,69,28,0.81,0.482,57.368,24.932,2643.43,1.377,0.598,0.1346216,0.458,0.506,137.013,138.077,1,2448,1301,13.5150684931507,12.3698630136986
1,0,2,25.9,16.1,36,68,28,0.81,0.482,57.368,24.932,2643.43,1.377,0.598,0.1346216,0.458,0.506,137.013,138.077,1,2448,1301,13.5150684931507,12.3698630136986
1,0,2,26.1,16.8,37.3,68,28,0.81,0.482,57.368,24.932,2643.43,1.377,0.598,0.1346216,0.458,0.506,137.013,138.077,1,2448,1301,13.5150684931507,12.3698630136986
0,1,1,24.6,15.9,35.5,66,26,1.055,0.909,78.443,58.103,7726.24,1.883,1.394,0.141215352,0.566,0.624,124.694,120.814,0,1293,1126,8.61643835616438,14.9260273972603
1,0,2,25.6,15.1,37.4,69,25,0.916,0.693,63.376,37.479,2385.57,1.521,0.899,0.11247594,0.508,0.56,134.694,135.305,1,2054,2110,8.10958904109589,11.3205479452055
1,1,2,25.9,14,36.5,66,33,1.082,0.778,78.1106,46.39423,1942.59,1.874654,1.113461,0.110089543,0.354,0.391,163.642,165,1,1436,1012,17.772602739726,5.08493150684932
1,1,2,26.2,15,37.2,68,33,1.082,0.778,78.1106,46.39423,1942.59,1.874654,1.113461,0.110089543,0.354,0.391,163.642,165,1,1436,1012,17.772602739726,5.08493150684932
1,0,0,26.3,13.9,36.7,66,25,1.072,0.925,77.768,57.33,1942.59,1.866,1.376,0.119083439,0.357,0.395,155.88,156.608,1,1440,926,17.772602739726,4.83835616438356
0,1,1,25.4,16.1,37.5,71,24,0.962,0.723,69.245,41.48,26537.97,1.662,0.996,0.094326855,0.42,0.463,116.384,117.115,1,1935,1534,8.09041095890411,4.0054794520548
1,1,6,23.5,15.4,35.2,66,24,0.825,0.661,56.528,36.145,19134.77,1.357,0.867,0.117537413,0.283,0.312,133.203,134.168,0,956,818,3.4027397260274,13.0904109589041
1,1,7,24.7,16.3,35.3,66,23,0.768,0.597,51.062,30.295,15909.02,1.225,0.727,0.141069639,0.553,0.611,117.233,118.162,0,2912,1005,8.26849315068493,13.5479452054795
1,1,7,24.7,15.5,36.5,64,23,0.768,0.597,51.062,30.295,15909.02,1.225,0.727,0.141069639,0.553,0.611,117.233,118.162,0,2912,1005,8.26849315068493,13.5479452054795
1,1,7,25.2,15.9,34.9,64,23,0.768,0.597,51.062,30.295,15909.02,1.225,0.727,0.141069639,0.553,0.611,117.233,118.162,0,2912,1005,8.26849315068493,13.5479452054795
1,1,7,22.7,15.8,35,63,23,0.768,0.597,51.062,30.295,15909.02,1.225,0.727,0.141069639,0.553,0.611,117.233,118.162,0,2912,1005,8.26849315068493,13.5479452054795
1,0,7,24,14.3,35,67,27,0.921,0.742,69.718,47.565,12711.94,1.673,1.142,0.142559763,0.483,0.533,134.871,135.929,1,961,1058,7.27123287671233,10.5671232876712
1,0,7,24.3,16.6,9.5,66,27,0.921,0.742,69.718,47.565,12711.94,1.673,1.142,0.142559763,0.483,0.533,134.871,135.929,1,961,1058,7.27123287671233,10.5671232876712
1,0,7,24.7,15.7,15.7,66,27,0.921,0.742,69.718,47.565,12711.94,1.673,1.142,0.142559763,0.483,0.533,134.871,135.929,1,961,1058,7.27123287671233,10.5671232876712
1,0,7,24.4,14.5,34.5,65,27,0.921,0.742,69.718,47.565,12711.94,1.673,1.142,0.142559763,0.483,0.533,134.871,135.929,1,961,1058,7.27123287671233,10.5671232876712
1,0,1,26,15.4,36.6,69,25,0.939,0.647,65.498,33.542,3599.95,1.572,0.805,0.11320359,0.415,0.458,147.742,148.474,1,2114,1668,8.06849315068493,6.84657534246575
1,0,4,26.2,17.1,36.7,69,27,0.627,0.473,85.908,54.849,9851.35,2.062,1.316,0.155783008,0.463,0.511,137.713,138.81,1,1538,656,6.49041095890411,9.15342465753425
1,0,4,26.3,17,37.5,66,27,0.627,0.473,85.908,54.849,9851.35,2.062,1.316,0.155783008,0.463,0.511,137.713,138.81,1,1538,656,6.49041095890411,9.15342465753425
1,0,4,26.4,16.2,37.3,67,27,0.627,0.473,85.908,54.849,9851.35,2.062,1.316,0.155783008,0.463,0.511,137.713,138.81,1,1538,656,6.49041095890411,9.15342465753425
1,0,4,26.4,16.7,37.7,69,27,0.627,0.473,85.908,54.849,9851.35,2.062,1.316,0.155783008,0.463,0.511,137.713,138.81,1,1538,656,6.49041095890411,9.15342465753425
1,1,4,26.2,17.5,38.2,69,26,0.778,0.586,52.667,30.259,8129.74,1.264,0.726,0.11652017,0.575,0.634,123.48,119.651,1,1701,908,4.54520547945206,11.4082191780822
1,1,4,26.3,17.5,38.1,68,26,0.778,0.586,52.667,30.259,8129.74,1.264,0.726,0.11652017,0.575,0.634,123.48,119.651,1,1701,908,4.54520547945206,11.4082191780822
1,1,4,26.1333333333333,17.9,38.1,68.6666666666667,26,0.778,0.586,52.667,30.259,8129.74,1.264,0.726,0.11652017,0.575,0.634,123.48,119.651,1,1701,908,4.54520547945206,11.4082191780822
1,1,4,25.9,16.4,38,69,26,0.778,0.586,52.667,30.259,8129.74,1.264,0.726,0.11652017,0.575,0.634,123.48,119.651,1,1701,908,4.54520547945206,11.4082191780822
0,1,1,24.3,15,36,65,25,1.041,0.764,74.908,43.554,6402.52,1.798,1.045,0.124485825,0.342,0.377,157.985,158.932,0,3170,1010,10.4684931506849,9.0986301369863
0,1,1,26.2,15.5,36.4,69,25,0.969,0.844,68.266,50.399,25584.9,1.638,1.21,0.105948172,0.415,0.457,147.742,148.603,1,2744,328,8.26849315068493,10.6876712328767
0,1,7,25.6,15,36.3,68,26,0.952,0.737,68.859,43.276,43078.58,1.653,1.039,0.098038418,0.49,0.54,134.939,130.581,1,1570,1981,11.5424657534247,8.18356164383562
0,1,7,25,16.7,36.6,67,26,0.952,0.737,68.859,43.276,43078.58,1.653,1.039,0.098038418,0.49,0.54,134.939,130.581,1,1570,1981,11.5424657534247,8.18356164383562
0,1,7,24.9,18,36.7,67,26,0.952,0.737,68.859,43.276,43078.58,1.653,1.039,0.098038418,0.49,0.54,134.939,130.581,1,1570,1981,11.5424657534247,8.18356164383562
1,0,5,25.7,16.7,37,67,34,1.7185,1.24425,139.3063,87.66026,2253.54,3.34335,2.103846,0.110270997,0.45,0.495,144.8422,146.0515,1,3640,2150,12.227397260274,11.2027397260274
1,0,5,26.1,15.8,36.6,68,34,1.7185,1.24425,139.3063,87.66026,2253.54,3.34335,2.103846,0.110270997,0.45,0.495,144.8422,146.0515,1,3640,2150,12.227397260274,11.2027397260274
1,0,5,25.8,17.1,37.5,67,34,1.7185,1.24425,139.3063,87.66026,2253.54,3.34335,2.103846,0.110270997,0.45,0.495,144.8422,146.0515,1,3640,2150,12.227397260274,11.2027397260274
1,0,2,23.7,15.2,35.9,67,26,0.895,0.763,63.555,45.517,966.27,1.525,1.092,0.120605638,0.547,0.602,127.255,123.372,0,1693,1633.07949125596,5.86027397260274,8.48949319589493
0,0,1,25.1,16.3,37,70,24,0.559,0.443,31.838,17.384,7278.93,0.764,0.417,0.119221821,0.632,0.697,90.357,90.688,1,1166,985,4.96164383561644,3.42191780821918
1,0,2,26.7,18,37.1,68.5,27,1.017,0.805,78.536,52.916,2994.53,1.885,1.27,0.118231154,0.544,0.6,126.202,127.155,1,3224,2067,11.2438356164384,13.572602739726
1,0,2,26.8,16.6,36.9,70,27,1.017,0.805,78.536,52.916,2994.53,1.885,1.27,0.118231154,0.544,0.6,126.202,127.155,1,3224,2067,11.2438356164384,13.572602739726
1,0,2,26.9333333333333,17.1,37.2333333333333,68.8333333333333,27,1.017,0.805,78.536,52.916,2994.53,1.885,1.27,0.118231154,0.544,0.6,126.202,127.155,1,3224,2067,11.2438356164384,13.572602739726
1,0,2,27.3,17.2,37.7,68,27,1.017,0.805,78.536,52.916,2994.53,1.885,1.27,0.118231154,0.544,0.6,126.202,127.155,1,3224,2067,11.2438356164384,13.572602739726
1,1,0,23.7,13.5,35.6,66,26,0.554,0.512,70.487,56.983,7553.77,1.692,1.368,0.114041212,0.363,0.399,152.059,146.977,0,947,1709,4.52328767123288,11.5753424657534
0,1,2,24.1,14.6,36.8,67,29,0.576,0.419,73.001,44.383,1920.44,1.752,1.065,0.153241733,0.308,0.34,147.852,149.002,0,2158,2039,11.2027397260274,5.81369863013699
0,1,2,24.2,13.9,36.4,68,29,0.576,0.419,73.001,44.383,1920.44,1.752,1.065,0.153241733,0.308,0.34,147.852,149.002,0,2158,2039,11.2027397260274,5.81369863013699
0,1,2,26.8,16.1,36.6,68,25,0.708,0.496,44.188,20.622,16802.35,1.061,0.495,0.022002879,0.424,0.468,146.48,147.183,1,1548,1633.07949125596,15.4657534246575,8.48949319589493
1,0,7,24.1,14.7,35.5,65,35,1.356,0.77,90.81456,34.66523,3860.16,2.179549,0.8319654,0.11591074,0.727,0.8,121.7762,123.0361,0,1159,867,7.18904109589041,8.15890410958904
1,0,7,24.6,14.5,36.3,64.5,35,1.356,0.77,90.81456,34.66523,3860.16,2.179549,0.8319654,0.11591074,0.727,0.8,121.7762,123.0361,0,1159,867,7.18904109589041,8.15890410958904
1,0,7,24.4,14,35.1,63,35,1.356,0.77,90.81456,34.66523,3860.16,2.179549,0.8319654,0.11591074,0.727,0.8,121.7762,123.0361,0,1159,867,7.18904109589041,8.15890410958904
1,0,7,24.4,14.9,36.6,66,35,1.356,0.77,90.81456,34.66523,3860.16,2.179549,0.8319654,0.11591074,0.727,0.8,121.7762,123.0361,0,1159,867,7.18904109589041,8.15890410958904
1,0,7,24.5,14.5,36.3,65,35,1.356,0.77,90.81456,34.66523,3860.16,2.179549,0.8319654,0.11591074,0.727,0.8,121.7762,123.0361,0,1159,867,7.18904109589041,8.15890410958904
1,0,7,24.1,15.7,34.7,63.5,35,1.356,0.77,90.81456,34.66523,3860.16,2.179549,0.8319654,0.11591074,0.727,0.8,121.7762,123.0361,0,1159,867,7.18904109589041,8.15890410958904
0,1,5,26.9,16.1,37,68,29,1.41,1.127,107.204,75.354,9519.56,2.573,1.808,0.139572184,0.234,0.256,157.252,158.811,1,1816.33935585232,2245,9.00320530038499,13.9178082191781
0,1,5,26.6,16.3,36.9,69,29,1.41,1.127,107.204,75.354,9519.56,2.573,1.808,0.139572184,0.234,0.256,157.252,158.811,1,1816.33935585232,2245,9.00320530038499,13.9178082191781
0,1,5,24.2,16.5,36.8,70,29,1.41,1.127,107.204,75.354,9519.56,2.573,1.808,0.139572184,0.234,0.256,157.252,158.811,1,1816.33935585232,2245,9.00320530038499,13.9178082191781
0,1,5,26.8,14.9,36.9,69,29,1.41,1.127,107.204,75.354,9519.56,2.573,1.808,0.139572184,0.234,0.256,157.252,158.811,1,1816.33935585232,2245,9.00320530038499,13.9178082191781
0,1,6,23.2,14,36.1,65,34,1.238,1.07,93.2225,71.7033,43842.13,2.23734,1.720879,0.107532688,0.581,0.64,127.3544,128.2103,0,2890,730,11.2794520547945,12.9342465753425
0,1,6,24,14.1,36.1,67.5,34,1.238,1.07,93.2225,71.7033,43842.13,2.23734,1.720879,0.107532688,0.581,0.64,127.3544,128.2103,0,2890,730,11.2794520547945,12.9342465753425
0,1,6,23,14.2,36.2,66.5,34,1.238,1.07,93.2225,71.7033,43842.13,2.23734,1.720879,0.107532688,0.581,0.64,127.3544,128.2103,0,2890,730,11.2794520547945,12.9342465753425
1,1,1,24.9,14,36.1,63,28,0.436,0.346,53.246,34.962,46732.11,1.278,0.839,0.103013746,0.53,0.584,126.987,128.077,0,2602,3721,9,11.586301369863
1,1,2,23.5,14.5,36.1,65,35,1.019,0.651,61.61179,25.027,18368.9,1.478683,0.6006479,0.121562397,0.612,0.675,137.1655,138.5553,0,3012,3476,12.9095890410959,11.1232876712329
1,1,2,23.5,15,36.1,65,35,1.019,0.651,61.61179,25.027,18368.9,1.478683,0.6006479,0.121562397,0.612,0.675,137.1655,138.5553,0,3012,3476,12.9095890410959,11.1232876712329
0,0,1,24.5,14.1,35.7,67,33,2.528,2.327,203.053,170.5128,13801.09,4.873272,4.092308,0.075917961,0.394,0.429,158.2099,160.25,0,2721,2402,13.5150684931507,9.62739726027397
0,0,1,23.7,14.4,35.7,67,33,2.528,2.327,203.053,170.5128,13801.09,4.873272,4.092308,0.075917961,0.394,0.429,158.2099,160.25,0,2721,2402,13.5150684931507,9.62739726027397
0,1,0,24.3,14.3,35.5,65,34,1.154,0.848,85.16624,51.37363,17165.75,2.04399,1.232967,0.140374981,0.32,0.352,162.1966,163.6465,0,1816.33935585232,2073,9.00320530038499,6.08493150684932
1,0,1,26.4,14.9,37.2,70,32,1.68,1.533,137.6687,112.9682,18511.15,3.304049,2.711237,0.117075529,0.335,0.366,160.1082,161.958,1,3533,2376,11.2438356164384,13.572602739726
1,0,3,24.85,16.2,35.75,67,34,1.205,0.807,90.05755,47.61905,12083.61,2.161381,1.142857,0.091607242,0.448,0.494,145.1092,146.1745,0,922,1411,3.6,4.44109589041096
1,0,3,24.9,16.4,35.6,68,34,1.205,0.807,90.05755,47.61905,12083.61,2.161381,1.142857,0.091607242,0.448,0.494,145.1092,146.1745,0,922,1411,3.6,4.44109589041096
1,0,3,24.8,13.7,35.9,66,34,1.205,0.807,90.05755,47.61905,12083.61,2.161381,1.142857,0.091607242,0.448,0.494,145.1092,146.1745,0,922,1411,3.6,4.44109589041096
1,1,13,26.4,15.1,37.3,68,34,1.325,1.13,101.5665,77.1978,15884.72,2.437596,1.852747,0.108819363,0.455,0.501,144.1748,145.3132,1,819,2021,3.31780821917808,11.5753424657534
1,1,13,26.4,17.4,37.3,68,34,1.325,1.13,101.5665,77.1978,15884.72,2.437596,1.852747,0.108819363,0.455,0.501,144.1748,145.3132,1,819,2021,3.31780821917808,11.5753424657534
1,1,1,24.1,14.1,36.2,67,32,1.272,0.989,100.1227,66.65721,32912.43,2.402945,1.599773,0.103221777,0.674,0.742,115.2885,116.2057,0,366,893,1.90684931506849,2.32328767123288
1,1,1,24.5,13.8,36.4,66,32,1.272,0.989,100.1227,66.65721,32912.43,2.402945,1.599773,0.103221777,0.674,0.742,115.2885,116.2057,0,366,893,1.90684931506849,2.32328767123288
1,0,15,23.7,13.5,35,68,32,1.043,0.786,79.04908,49.37571,17558.25,1.897178,1.185017,0.109117205,0.538,0.593,133.2692,134.3363,0,2440,1069,7.66849315068493,4.39178082191781
1,0,15,24.1,15.1,34.8,67.5,32,1.043,0.786,79.04908,49.37571,17558.25,1.897178,1.185017,0.109117205,0.538,0.593,133.2692,134.3363,0,2440,1069,7.66849315068493,4.39178082191781
1,0,15,25.5,14.8,35.2,66,32,1.043,0.786,79.04908,49.37571,17558.25,1.897178,1.185017,0.109117205,0.538,0.593,133.2692,134.3363,0,2440,1069,7.66849315068493,4.39178082191781
1,0,15,24.6,14.5,34.9,66,32,1.043,0.786,79.04908,49.37571,17558.25,1.897178,1.185017,0.109117205,0.538,0.593,133.2692,134.3363,0,2440,1069,7.66849315068493,4.39178082191781
1,0,15,22.9,15.9,34.6,65,32,1.043,0.786,79.04908,49.37571,17558.25,1.897178,1.185017,0.109117205,0.538,0.593,133.2692,134.3363,0,2440,1069,7.66849315068493,4.39178082191781
1,1,5,23.7,14.7,33.9,67.5,34,1.464,1.16,114.8977,79.94505,17165.75,2.757545,1.918681,0.145481359,0.464,0.509,142.9733,144.3289,0,2158,69,7.15342465753425,0.402739726027397
1,1,5,23.7,15.1,35.3,69,34,1.464,1.16,114.8977,79.94505,17165.75,2.757545,1.918681,0.145481359,0.464,0.509,142.9733,144.3289,0,2158,69,7.15342465753425,0.402739726027397
1,1,11,25.2,16.5,35.5,68,31,1.486,1.193,111.9048,76.8623,10362.64,2.685714,1.844695,0.133970015,0.272,0.299,182.3537,184.4953,1,2743,1615,8.9972602739726,8.01917808219178
1,1,11,25.6,14.9,36.3,67,31,1.486,1.193,111.9048,76.8623,10362.64,2.685714,1.844695,0.133970015,0.272,0.299,182.3537,184.4953,1,2743,1615,8.9972602739726,8.01917808219178
1,0,1,26.3,15.8,36.5,69,32,1.734,1.481,142.638,108.5414,10362.64,3.423313,2.604994,0.112352222,0.558,0.612,130.625,132.0243,1,2593,1465,8.9972602739726,8.01917808219178
1,0,4,23.9,16.1,35.8,66.5,34,1.44375,1.2705,112.9556,90.0641,19515.38,2.710933,2.161538,0.10673264,0.576,0.635,128.0219,128.8255,0,3250,1916,8.91232876712329,9.83835616438356
1,0,4,24.2,14.2,36.1,66,34,1.44375,1.2705,112.9556,90.0641,19515.38,2.710933,2.161538,0.10673264,0.576,0.635,128.0219,128.8255,0,3250,1916,8.91232876712329,9.83835616438356
1,0,4,23.8,13.9,35.7,65,34,1.44375,1.2705,112.9556,90.0641,19515.38,2.710933,2.161538,0.10673264,0.576,0.635,128.0219,128.8255,0,3250,1916,8.91232876712329,9.83835616438356
1,0,4,25.2,15.3,35.8,65,34,1.048,0.937,75,59.52381,19515.38,1.8,1.428571,0.085934782,0.488,0.538,139.7694,140.7606,0,3250,1916,8.91232876712329,9.83835616438356
1,0,4,24.7,14.8,35.9,65,34,1.048,0.937,75,59.52381,19515.38,1.8,1.428571,0.085934782,0.488,0.538,139.7694,140.7606,0,3250,1916,8.91232876712329,9.83835616438356
1,0,4,24.8,16,36.1,66,34,1.048,0.937,75,59.52381,19515.38,1.8,1.428571,0.085934782,0.488,0.538,139.7694,140.7606,0,3250,1916,8.91232876712329,9.83835616438356
1,1,1,25.9,14,36.8,67,35,1.003,0.761,60.2253,33.93629,24942.95,1.445407,0.8144708,0.095026095,0.771,0.85,115.8881,116.8284,1,863,831,8.37534246575343,12.3013698630137
1,1,1,26.3,15.1,36.7,67,35,1.003,0.761,60.2253,33.93629,24942.95,1.445407,0.8144708,0.095026095,0.771,0.85,115.8881,116.8284,1,863,831,8.37534246575343,12.3013698630137
1,1,2,24.1,14.2,35.9,66,31,1.256,0.894,90.84249,51.55192,13465.11,2.18022,1.237246,0.128169895,0.59,0.65,137.8499,139.1784,0,1360,915,14.7698630136986,4.03013698630137
1,1,2,24.2,13,35.7,66,31,1.256,0.894,90.84249,51.55192,13465.11,2.18022,1.237246,0.128169895,0.59,0.65,137.8499,139.1784,0,1360,915,14.7698630136986,4.03013698630137
1,1,2,24.2,13.2,36.2,65,31,1.256,0.894,90.84249,51.55192,13465.11,2.18022,1.237246,0.128169895,0.59,0.65,137.8499,139.1784,0,1360,915,14.7698630136986,4.03013698630137
1,1,2,25.8,15.9,37.3,69,33,0.939,0.547,65.75461,27.88461,32912.43,1.578111,0.6692308,0.100826215,0.472,0.52,147.6173,148.875,1,1046,1593,3.90684931506849,13.9452054794521
0,1,1,24.8,13.1,36.2,65,34,1.318,1.123,100.8951,76.55678,31054.68,2.421483,1.837363,0.138471545,0.424,0.467,148.3131,149.4966,0,667,3051,3.31780821917808,14.3342465753425
1,0,5,26.3,15.4,37.2,67,33,0.817,0.545,55.21313,27.72436,15822.83,1.325115,0.6653846,0.104898853,0.462,0.51,148.9753,150.125,1,2764,1306,11.1561643835616,13.5479452054795
1,0,5,24.6,19,35.1,64,33,0.817,0.545,55.21313,27.72436,15822.83,1.325115,0.6653846,0.104898853,0.462,0.51,148.9753,150.125,1,2764,1306,11.1561643835616,13.5479452054795
1,0,5,26.1,17.9,37.1,65,33,0.817,0.545,55.21313,27.72436,15822.83,1.325115,0.6653846,0.104898853,0.462,0.51,148.9753,150.125,1,2764,1306,11.1561643835616,13.5479452054795
1,0,5,26.5,16,37.3,67,33,0.817,0.545,55.21313,27.72436,15822.83,1.325115,0.6653846,0.104898853,0.462,0.51,148.9753,150.125,1,2764,1306,11.1561643835616,13.5479452054795
1,0,5,26.9,17.5,37.7,67,33,0.817,0.545,55.21313,27.72436,15822.83,1.325115,0.6653846,0.104898853,0.462,0.51,148.9753,150.125,1,2764,1306,11.1561643835616,13.5479452054795
1,0,8,27.1,17.1,37.5,69,34,0.965,0.708,67.03964,38.55311,9466.7,1.608951,0.9252747,0.164820893,0.634,0.694,120.2791,121.566,1,1705,823,6.49041095890411,9.15342465753425
1,0,8,27.1,16.1,37.5,69,34,0.965,0.708,67.03964,38.55311,9466.7,1.608951,0.9252747,0.164820893,0.634,0.694,120.2791,121.566,1,1705,823,6.49041095890411,9.15342465753425
1,0,1,24.9,14.1,36.1,64,32,1.3965,1.01675,111.5798,69.01958,13480.03,2.677914,1.65647,0.092882553,0.532,0.587,134.0625,135.0664,0,3318,1633.07949125596,13.4986301369863,8.48949319589493
1,0,1,24.6,14.9,36.1,66,32,1.3965,1.01675,111.5798,69.01958,13480.03,2.677914,1.65647,0.092882553,0.532,0.587,134.0625,135.0664,0,3318,1633.07949125596,13.4986301369863,8.48949319589493
1,1,8,24.9,14.3,36.1,66,32,1.75175,1.09375,144.2715,75.57463,10197.17,3.462515,1.813791,0.124506903,0.533,0.589,133.9303,134.823,0,2549,970,13.8109589041096,5.27397260273973
1,1,8,24,14.2,35.5,65,32,1.75175,1.09375,144.2715,75.57463,10197.17,3.462515,1.813791,0.124506903,0.533,0.589,133.9303,134.823,0,2549,970,13.8109589041096,5.27397260273973
1,0,4,25.3,15.2,36.2,71,32,1.22325,1.078,95.63651,74.23383,28953.22,2.295276,1.781612,0.095915954,0.669,0.738,115.9495,116.6925,1,1892,2093,13.0739726027397,7.14246575342466
1,0,4,25.2,15.5,35.9,69,32,1.22325,1.078,95.63651,74.23383,28953.22,2.295276,1.781612,0.095915954,0.669,0.738,115.9495,116.6925,1,1892,2093,13.0739726027397,7.14246575342466
1,0,4,25.4,15.5,36.3,70,32,1.22325,1.078,95.63651,74.23383,28953.22,2.295276,1.781612,0.095915954,0.669,0.738,115.9495,116.6925,1,1892,2093,13.0739726027397,7.14246575342466
1,0,4,26,16,36.4,67,32,1.22325,1.078,95.63651,74.23383,28953.22,2.295276,1.781612,0.095915954,0.669,0.738,115.9495,116.6925,1,1892,2093,13.0739726027397,7.14246575342466
1,0,4,26.1,15.5,36.6,69,32,1.22325,1.078,95.63651,74.23383,28953.22,2.295276,1.781612,0.095915954,0.669,0.738,115.9495,116.6925,1,1892,2093,13.0739726027397,7.14246575342466
1,1,3,23.3,13.8,36,65,34,1.149,0.992,84.6867,64.56044,11699.5,2.032481,1.549451,0.129489562,0.409,0.451,150.3155,151.4653,0,3578,2120,13.5561643835616,16.613698630137
1,1,3,23.1,13.3,35.8,66,34,1.149,0.992,84.6867,64.56044,11699.5,2.032481,1.549451,0.129489562,0.409,0.451,150.3155,151.4653,0,3578,2120,13.5561643835616,16.613698630137
0,1,5,25,15.1,36.2,65,32,1.2355,1.05525,96.7638,72.2971,6534.75,2.322331,1.735131,0.105555021,0.738,0.813,106.8269,107.5664,0,1816.33935585232,1947,9.00320530038499,6.08493150684932
0,1,5,25.1,15,35,69,32,0.952,0.623,70.67484,35.49943,12829.23,1.696196,0.8519864,0.122309291,0.445,0.491,145.5649,146.7478,1,2484,1889,11.2027397260274,7.98356164383562
0,1,5,26.7,15,37,69,32,0.952,0.623,70.67484,35.49943,12829.23,1.696196,0.8519864,0.122309291,0.445,0.491,145.5649,146.7478,1,2484,1889,11.2027397260274,7.98356164383562
1,0,1,24.8,13.9,35.8,66,33,0.9,0.634,62.38479,34.85577,24890.58,1.497235,0.8365384,0.161299949,0.323,0.356,167.8519,169.375,0,1102,2672,16.3561643835616,9.6986301369863
1,0,6,24.7,14.4,36.1,64,35,0.862,0.754,48.00693,33.36933,19756.56,1.152166,0.8008639,0.097808393,0.747,0.815,119.0998,121.1738,0,1353,1536,4.01369863013699,11.9753424657534
1,0,6,24.7,14.3,36.6,65,35,0.862,0.754,48.00693,33.36933,19756.56,1.152166,0.8008639,0.097808393,0.747,0.815,119.0998,121.1738,0,1353,1536,4.01369863013699,11.9753424657534
1,0,6,24.7,15.2,36.7,66,35,0.862,0.754,48.00693,33.36933,19756.56,1.152166,0.8008639,0.097808393,0.747,0.815,119.0998,121.1738,0,1353,1536,4.01369863013699,11.9753424657534
1,0,6,25,15.5,36.4,65,35,0.862,0.754,48.00693,33.36933,19756.56,1.152166,0.8008639,0.097808393,0.747,0.815,119.0998,121.1738,0,1353,1536,4.01369863013699,11.9753424657534
1,0,6,24.7,15.8,36.7,66,35,0.862,0.754,48.00693,33.36933,19756.56,1.152166,0.8008639,0.097808393,0.747,0.815,119.0998,121.1738,0,1353,1536,4.01369863013699,11.9753424657534
1,1,11,24.4,14.6,36.2,67,31,1.14275,0.86975,80.47161,49.49915,17177.17,1.931319,1.18798,0.101014084,0.649,0.716,129.5929,130.6573,0,2140,1348,11.5835616438356,3.95068493150685
1,1,11,24.8,13.8,36.3,67,31,1.14275,0.86975,80.47161,49.49915,17177.17,1.931319,1.18798,0.101014084,0.649,0.716,129.5929,130.6573,0,2140,1348,11.5835616438356,3.95068493150685
1,0,1,24.1,13.1,35.3,64,32,1.085,0.84175,82.91411,54.12174,14363.71,1.989939,1.298922,0.152551657,0.619,0.683,122.5601,123.385,0,2499,2568,8.06849315068493,9.72876712328767
1,0,4,24.8,15.6,36.9,66,31,1.344,0.94325,98.9011,55.72094,69486.63,2.373626,1.337302,0.111230505,0.646,0.712,130.0127,131.1737,0,1557,1022,5.56438356164384,7.15616438356164
1,0,4,24.8,15.3,36.9,66,31,1.344,0.94325,98.9011,55.72094,69486.63,2.373626,1.337302,0.111230505,0.646,0.712,130.0127,131.1737,0,1557,1022,5.56438356164384,7.15616438356164
1,1,8,24,13.9333333333333,36.1,66,40,0.9065,0.588,82.73421,42.39786,25237.18,1.985621,1.017549,0.133954435,0.459,0.507,121.5288,122.5044,0,1816.33935585232,509,9.00320530038499,5.27671232876712
1,1,8,24.1,14.8,36,67,40,0.9065,0.588,82.73421,42.39786,25237.18,1.985621,1.017549,0.133954435,0.459,0.507,121.5288,122.5044,0,1816.33935585232,509,9.00320530038499,5.27671232876712
1,1,8,24,13,35.1,66,40,0.9065,0.588,82.73421,42.39786,25237.18,1.985621,1.017549,0.133954435,0.459,0.507,121.5288,122.5044,0,1816.33935585232,509,9.00320530038499,5.27671232876712
1,1,8,24.6,14,35.3,67,40,0.9065,0.588,82.73421,42.39786,25237.18,1.985621,1.017549,0.133954435,0.459,0.507,121.5288,122.5044,0,1816.33935585232,509,9.00320530038499,5.27671232876712
1,0,2,24.25,14,36.3,67.5,39,1.239,0.795,93.32918,45.65972,11237.17,2.2399,1.095833,0.125690021,0.6,0.662,105.1682,105.7328,0,1816.33935585232,809,9.00320530038499,2.88493150684931
1,0,2,24.5,15.8,36.3,67,39,1.239,0.795,93.32918,45.65972,11237.17,2.2399,1.095833,0.125690021,0.6,0.662,105.1682,105.7328,0,1816.33935585232,809,9.00320530038499,2.88493150684931
1,0,2,24,15.7,36.3,68,39,1.239,0.795,93.32918,45.65972,11237.17,2.2399,1.095833,0.125690021,0.6,0.662,105.1682,105.7328,0,1816.33935585232,809,9.00320530038499,2.88493150684931
